<?xml version="1.0" encoding="ISO-8859-1"?> 
<?xml-stylesheet type="text/xsl" href="cdcatalog.xsl"?>

	<catalog> 
		<cd> 
			<title>Empire Burlesque</title> 
			<artist>Bob Dylan</artist> 
			<country>USA</country> 
			<company>Columbia</company> 
			<price>10.90</price> 
			<year>1985</year> 
		</cd> 
		<cd>
			<title>Hide your heart</title>
			<artist>Bonnie Tyler</artist>
			<country>UK</country>
			<company>CBS Records</company>
			<price>9.90</price>
			<year>1988</year>
		</cd>
		<cd>
			<title>Greatest Hits</title>
			<artist>Dolly Parton</artist>
			<country>USA</country>
			<company>RCA</company>
			<price>9.90</price>
			<year>1982</year>
		</cd>
		<cd1>
			<title>Still got the blues</title>
			<artist>Gary Moore</artist>
			<country>UK</country>
			<company>Virgin records</company>
			<price>10.20</price>
			<year>1990</year>
		</cd1>
	</catalog>